[
{
  "model": "auth.group",
  "fields": {
    "name": "administradores",
    "permissions": []
  }
},
{
  "model": "auth.group",
  "fields": {
    "name": "tablero",
    "permissions": []
  }
},
{
  "model": "auth.user",
  "fields": {
    "password": "pbkdf2_sha256$870000$o50TPHriTQOAbQLlZooxrl$T8BMgjWht0n/lRbiCNMK+Rq8NReWGS4stwfJTsq6d7g=",
    "last_login": null,
    "is_superuser": true,
    "username": "test",
    "first_name": "",
    "last_name": "",
    "email": "test@test.com",
    "is_staff": true,
    "is_active": true,
    "date_joined": "2026-06-22T16:28:26.705Z",
    "groups": [],
    "user_permissions": []
  }
},
{
  "model": "auth.user",
  "fields": {
    "password": "!yilWA1teeUkWYSeMoX5geyxoF1dYb0K9K2ZiOfAl",
    "last_login": "2026-06-23T13:59:05.513Z",
    "is_superuser": false,
    "username": "victor.costa",
    "first_name": "Víctor",
    "last_name": "Costa",
    "email": "victor.costa@fce.uncu.edu.ar",
    "is_staff": false,
    "is_active": true,
    "date_joined": "2026-06-22T16:29:08.905Z",
    "groups": [
      [
        "administradores"
      ]
    ],
    "user_permissions": []
  }
},
{
  "model": "sites.site",
  "fields": {
    "domain": "example.com",
    "name": "example.com"
  }
},
{
  "model": "account.emailaddress",
  "pk": 1,
  "fields": {
    "user": [
      "victor.costa"
    ],
    "email": "victor.costa@fce.uncu.edu.ar",
    "verified": true,
    "primary": true
  }
},
{
  "model": "socialaccount.socialaccount",
  "pk": 1,
  "fields": {
    "user": [
      "victor.costa"
    ],
    "provider": "google",
    "uid": "101049761346650791960",
    "last_login": "2026-06-23T13:59:05.495Z",
    "date_joined": "2026-06-22T16:29:08.937Z",
    "extra_data": {
      "hd": "fce.uncu.edu.ar",
      "aud": "1024064691279-pevr6ej7plksut1tfgms5pmn8o58vrhk.apps.googleusercontent.com",
      "azp": "1024064691279-pevr6ej7plksut1tfgms5pmn8o58vrhk.apps.googleusercontent.com",
      "exp": 1782226745,
      "iat": 1782223145,
      "iss": "https://accounts.google.com",
      "sub": "101049761346650791960",
      "name": "Víctor Costa",
      "email": "victor.costa@fce.uncu.edu.ar",
      "at_hash": "Y6PSXYaTGgBnNePjwmPHCw",
      "picture": "https://lh3.googleusercontent.com/a/ACg8ocIYAizD8rx2glvBQQSp5rYAtRKvr35pp7nZQObzaAtNV0dsBMrK=s96-c",
      "given_name": "Víctor",
      "family_name": "Costa",
      "email_verified": true
    }
  }
},
{
  "model": "academica.facultad",
  "pk": 1,
  "fields": {
    "codigo": "03",
    "nombre_corto": "FCE",
    "nombre": "Facultad de Ciencias Económicas",
    "decano": null,
    "activa": true
  }
},
{
  "model": "academica.sede",
  "pk": 1,
  "fields": {
    "codigo": "MZA",
    "nombre": "Sede Central",
    "facultad": 1,
    "activa": true,
    "direccion": "",
    "localidad": "Mendoza"
  }
},
{
  "model": "academica.sede",
  "pk": 2,
  "fields": {
    "codigo": "DSR",
    "nombre": "Delegación San Rafael",
    "facultad": 1,
    "activa": true,
    "direccion": "",
    "localidad": "San Rafael"
  }
},
{
  "model": "academica.carrera",
  "pk": 1,
  "fields": {
    "facultad": 1,
    "codigo": "450",
    "codigo_ministerial": "450",
    "nombre_corto": "CP",
    "nombre": "Contador Público",
    "titulo_otorga": "",
    "duracion_anos": 1,
    "nivel": "grado",
    "modalidad": "presencial",
    "director": null,
    "activa": true,
    "sedes": [
      2,
      1
    ]
  }
},
{
  "model": "academica.titulointermedio",
  "pk": 1,
  "fields": {
    "nombre": "Analista Universitario/a Contable",
    "duracion_anos": 2
  }
},
{
  "model": "academica.planestudio",
  "pk": 1,
  "fields": {
    "carrera": 1,
    "codigo": "2026",
    "version": "1.0",
    "titulo_otorga": "Contador/a Público/a",
    "duracion_anos": 4,
    "año_inicio_implementacion": 2026,
    "vigente": true,
    "titulos_intermedios": [
      1
    ]
  }
},
{
  "model": "academica.planestudio",
  "pk": 2,
  "fields": {
    "carrera": 1,
    "codigo": "2019",
    "version": "",
    "titulo_otorga": "Contador/a Público/a",
    "duracion_anos": 5,
    "año_inicio_implementacion": 2019,
    "vigente": false,
    "titulos_intermedios": []
  }
},
{
  "model": "academica.tipomateria",
  "pk": 1,
  "fields": {
    "nombre": "obligatoria",
    "activo": true
  }
},
{
  "model": "academica.tipomateria",
  "pk": 2,
  "fields": {
    "nombre": "electiva",
    "activo": true
  }
},
{
  "model": "academica.tipomateria",
  "pk": 3,
  "fields": {
    "nombre": "certificable",
    "activo": true
  }
},
{
  "model": "academica.area",
  "pk": 1,
  "fields": {
    "plan_estudio": 1,
    "nombre": "Contabilidad e Impuestos",
    "orden": 0
  }
},
{
  "model": "academica.area",
  "pk": 2,
  "fields": {
    "plan_estudio": 1,
    "nombre": "Administración, Tecnología de la Información y Economía",
    "orden": 0
  }
},
{
  "model": "academica.area",
  "pk": 3,
  "fields": {
    "plan_estudio": 1,
    "nombre": "Jurídica",
    "orden": 0
  }
},
{
  "model": "academica.area",
  "pk": 4,
  "fields": {
    "plan_estudio": 1,
    "nombre": "Matemática",
    "orden": 0
  }
},
{
  "model": "academica.area",
  "pk": 5,
  "fields": {
    "plan_estudio": 1,
    "nombre": "Humanística",
    "orden": 0
  }
},
{
  "model": "academica.area",
  "pk": 6,
  "fields": {
    "plan_estudio": 1,
    "nombre": "Actividades de Integración y Práctica Profesional",
    "orden": 0
  }
},
{
  "model": "academica.area",
  "pk": 39,
  "fields": {
    "plan_estudio": 2,
    "nombre": "Economía, Administración, Sistemas y Gestión",
    "orden": 0
  }
},
{
  "model": "academica.area",
  "pk": 40,
  "fields": {
    "plan_estudio": 2,
    "nombre": "Contabilidad e Impuestos",
    "orden": 0
  }
},
{
  "model": "academica.area",
  "pk": 41,
  "fields": {
    "plan_estudio": 2,
    "nombre": "Jurídica",
    "orden": 0
  }
},
{
  "model": "academica.area",
  "pk": 42,
  "fields": {
    "plan_estudio": 2,
    "nombre": "Matemática",
    "orden": 0
  }
},
{
  "model": "academica.area",
  "pk": 43,
  "fields": {
    "plan_estudio": 2,
    "nombre": "Formación General",
    "orden": 0
  }
},
{
  "model": "academica.materia",
  "pk": 1,
  "fields": {
    "plan_estudio": 2,
    "codigo": "4125",
    "nombre": "DERECHO PRIVADO I",
    "año": 1,
    "cuatrimestre": "1",
    "creditos": 6,
    "periodo": "1B",
    "carga_horaria_semanal": null,
    "carga_horaria_total": 60,
    "area": 41,
    "tipo": 1,
    "contenidos_minimos": ""
  }
},
{
  "model": "academica.materia",
  "pk": 2,
  "fields": {
    "plan_estudio": 2,
    "codigo": "4129",
    "nombre": "ADMINISTRACIÓN I",
    "año": 1,
    "cuatrimestre": "1",
    "creditos": 6,
    "periodo": "1B",
    "carga_horaria_semanal": null,
    "carga_horaria_total": 60,
    "area": 39,
    "tipo": 1,
    "contenidos_minimos": ""
  }
},
{
  "model": "academica.materia",
  "pk": 3,
  "fields": {
    "plan_estudio": 2,
    "codigo": "4122",
    "nombre": "MATEMÁTICA I",
    "año": 1,
    "cuatrimestre": "1",
    "creditos": 6,
    "periodo": "2B",
    "carga_horaria_semanal": null,
    "carga_horaria_total": 70,
    "area": 42,
    "tipo": 1,
    "contenidos_minimos": ""
  }
},
{
  "model": "academica.materia",
  "pk": 4,
  "fields": {
    "plan_estudio": 2,
    "codigo": "4127",
    "nombre": "TECNOLOGÍA DE LA INFORMACIÓN I",
    "año": 1,
    "cuatrimestre": "1",
    "creditos": 4,
    "periodo": "2B",
    "carga_horaria_semanal": null,
    "carga_horaria_total": 60,
    "area": 39,
    "tipo": 1,
    "contenidos_minimos": ""
  }
},
{
  "model": "academica.materia",
  "pk": 5,
  "fields": {
    "plan_estudio": 2,
    "codigo": "4123",
    "nombre": "INTRODUCCIÓN A ECONOMÍA",
    "año": 1,
    "cuatrimestre": "2",
    "creditos": 6,
    "periodo": "3B",
    "carga_horaria_semanal": null,
    "carga_horaria_total": 70,
    "area": 39,
    "tipo": 1,
    "contenidos_minimos": ""
  }
},
{
  "model": "academica.materia",
  "pk": 6,
  "fields": {
    "plan_estudio": 2,
    "codigo": "4124",
    "nombre": "FUNDAMENTOS DE CONTABILIDAD",
    "año": 1,
    "cuatrimestre": "2",
    "creditos": 6,
    "periodo": "3B",
    "carga_horaria_semanal": null,
    "carga_horaria_total": 70,
    "area": 40,
    "tipo": 1,
    "contenidos_minimos": ""
  }
},
{
  "model": "academica.materia",
  "pk": 7,
  "fields": {
    "plan_estudio": 2,
    "codigo": "4121",
    "nombre": "DERECHO PÚBLICO I",
    "año": 1,
    "cuatrimestre": "2",
    "creditos": 3,
    "periodo": "4B",
    "carga_horaria_semanal": null,
    "carga_horaria_total": 30,
    "area": 41,
    "tipo": 1,
    "contenidos_minimos": ""
  }
},
{
  "model": "academica.materia",
  "pk": 8,
  "fields": {
    "plan_estudio": 2,
    "codigo": "4128",
    "nombre": "MATEMÁTICA II",
    "año": 1,
    "cuatrimestre": "2",
    "creditos": 8,
    "periodo": "4B",
    "carga_horaria_semanal": null,
    "carga_horaria_total": 90,
    "area": 42,
    "tipo": 1,
    "contenidos_minimos": ""
  }
},
{
  "model": "academica.materia",
  "pk": 9,
  "fields": {
    "plan_estudio": 1,
    "codigo": "510201",
    "nombre": "DERECHO PÚBLICO",
    "año": 1,
    "cuatrimestre": "1",
    "creditos": 6,
    "periodo": "1B",
    "carga_horaria_semanal": null,
    "carga_horaria_total": 70,
    "area": 3,
    "tipo": 1,
    "contenidos_minimos": ""
  }
},
{
  "model": "academica.materia",
  "pk": 10,
  "fields": {
    "plan_estudio": 1,
    "codigo": "510202",
    "nombre": "SISTEMAS Y TECNOLOGÍAS DE INFORMACIÓN I",
    "año": 1,
    "cuatrimestre": "1",
    "creditos": 8,
    "periodo": "1B",
    "carga_horaria_semanal": null,
    "carga_horaria_total": 80,
    "area": 2,
    "tipo": 1,
    "contenidos_minimos": ""
  }
},
{
  "model": "academica.materia",
  "pk": 11,
  "fields": {
    "plan_estudio": 1,
    "codigo": "510203",
    "nombre": "INTRODUCCIÓN A LA ECONOMÍA",
    "año": 1,
    "cuatrimestre": "1",
    "creditos": 8,
    "periodo": "2B",
    "carga_horaria_semanal": null,
    "carga_horaria_total": 70,
    "area": 2,
    "tipo": 1,
    "contenidos_minimos": ""
  }
},
{
  "model": "academica.materia",
  "pk": 12,
  "fields": {
    "plan_estudio": 1,
    "codigo": "510204",
    "nombre": "COMPORTAMIENTO ORGANIZACIONAL",
    "año": 1,
    "cuatrimestre": "1",
    "creditos": 6,
    "periodo": "2B",
    "carga_horaria_semanal": null,
    "carga_horaria_total": 60,
    "area": 2,
    "tipo": 1,
    "contenidos_minimos": ""
  }
},
{
  "model": "academica.materia",
  "pk": 13,
  "fields": {
    "plan_estudio": 1,
    "codigo": "510205",
    "nombre": "ADMINISTRACIÓN",
    "año": 1,
    "cuatrimestre": "2",
    "creditos": 7,
    "periodo": "3B",
    "carga_horaria_semanal": null,
    "carga_horaria_total": 70,
    "area": 2,
    "tipo": 1,
    "contenidos_minimos": ""
  }
},
{
  "model": "academica.materia",
  "pk": 14,
  "fields": {
    "plan_estudio": 1,
    "codigo": "510206",
    "nombre": "MATEMÁTICA APLICADA A LA GESTIÓN CONTABLE",
    "año": 1,
    "cuatrimestre": "2",
    "creditos": 9,
    "periodo": "2C",
    "carga_horaria_semanal": null,
    "carga_horaria_total": 90,
    "area": 4,
    "tipo": 1,
    "contenidos_minimos": ""
  }
},
{
  "model": "academica.materia",
  "pk": 15,
  "fields": {
    "plan_estudio": 1,
    "codigo": "510207",
    "nombre": "FUNDAMENTOS DE CONTABILIDAD",
    "año": 1,
    "cuatrimestre": "2",
    "creditos": 10,
    "periodo": "2C",
    "carga_horaria_semanal": null,
    "carga_horaria_total": 80,
    "area": 1,
    "tipo": 1,
    "contenidos_minimos": ""
  }
},
{
  "model": "usuarios.groupmenupermission",
  "pk": 1,
  "fields": {
    "group": [
      "administradores"
    ],
    "menu_key": "dashboard",
    "can_read": true,
    "can_write": true
  }
},
{
  "model": "usuarios.groupmenupermission",
  "pk": 2,
  "fields": {
    "group": [
      "administradores"
    ],
    "menu_key": "facultades",
    "can_read": true,
    "can_write": true
  }
},
{
  "model": "usuarios.groupmenupermission",
  "pk": 3,
  "fields": {
    "group": [
      "administradores"
    ],
    "menu_key": "sedes",
    "can_read": true,
    "can_write": true
  }
},
{
  "model": "usuarios.groupmenupermission",
  "pk": 4,
  "fields": {
    "group": [
      "administradores"
    ],
    "menu_key": "carreras",
    "can_read": true,
    "can_write": true
  }
},
{
  "model": "usuarios.groupmenupermission",
  "pk": 5,
  "fields": {
    "group": [
      "administradores"
    ],
    "menu_key": "planes",
    "can_read": true,
    "can_write": true
  }
},
{
  "model": "usuarios.groupmenupermission",
  "pk": 6,
  "fields": {
    "group": [
      "administradores"
    ],
    "menu_key": "areas",
    "can_read": true,
    "can_write": true
  }
},
{
  "model": "usuarios.groupmenupermission",
  "pk": 7,
  "fields": {
    "group": [
      "administradores"
    ],
    "menu_key": "materias",
    "can_read": true,
    "can_write": true
  }
},
{
  "model": "usuarios.groupmenupermission",
  "pk": 8,
  "fields": {
    "group": [
      "administradores"
    ],
    "menu_key": "equivalencias",
    "can_read": true,
    "can_write": true
  }
},
{
  "model": "usuarios.groupmenupermission",
  "pk": 9,
  "fields": {
    "group": [
      "administradores"
    ],
    "menu_key": "configuracion",
    "can_read": true,
    "can_write": true
  }
},
{
  "model": "usuarios.groupmenupermission",
  "pk": 10,
  "fields": {
    "group": [
      "administradores"
    ],
    "menu_key": "configuracion.usuarios",
    "can_read": true,
    "can_write": true
  }
},
{
  "model": "usuarios.groupmenupermission",
  "pk": 11,
  "fields": {
    "group": [
      "administradores"
    ],
    "menu_key": "configuracion.dominios",
    "can_read": true,
    "can_write": true
  }
},
{
  "model": "usuarios.groupmenupermission",
  "pk": 12,
  "fields": {
    "group": [
      "administradores"
    ],
    "menu_key": "configuracion.roles",
    "can_read": true,
    "can_write": true
  }
},
{
  "model": "usuarios.groupmenupermission",
  "pk": 13,
  "fields": {
    "group": [
      "administradores"
    ],
    "menu_key": "configuracion.tipos-materia",
    "can_read": true,
    "can_write": true
  }
},
{
  "model": "usuarios.groupmenupermission",
  "pk": 14,
  "fields": {
    "group": [
      "tablero"
    ],
    "menu_key": "dashboard",
    "can_read": true,
    "can_write": false
  }
},
{
  "model": "usuarios.groupmenupermission",
  "pk": 15,
  "fields": {
    "group": [
      "tablero"
    ],
    "menu_key": "facultades",
    "can_read": false,
    "can_write": false
  }
},
{
  "model": "usuarios.groupmenupermission",
  "pk": 16,
  "fields": {
    "group": [
      "tablero"
    ],
    "menu_key": "sedes",
    "can_read": false,
    "can_write": false
  }
},
{
  "model": "usuarios.groupmenupermission",
  "pk": 17,
  "fields": {
    "group": [
      "tablero"
    ],
    "menu_key": "carreras",
    "can_read": false,
    "can_write": false
  }
},
{
  "model": "usuarios.groupmenupermission",
  "pk": 18,
  "fields": {
    "group": [
      "tablero"
    ],
    "menu_key": "planes",
    "can_read": false,
    "can_write": false
  }
},
{
  "model": "usuarios.groupmenupermission",
  "pk": 19,
  "fields": {
    "group": [
      "tablero"
    ],
    "menu_key": "areas",
    "can_read": false,
    "can_write": false
  }
},
{
  "model": "usuarios.groupmenupermission",
  "pk": 20,
  "fields": {
    "group": [
      "tablero"
    ],
    "menu_key": "materias",
    "can_read": false,
    "can_write": false
  }
},
{
  "model": "usuarios.groupmenupermission",
  "pk": 21,
  "fields": {
    "group": [
      "tablero"
    ],
    "menu_key": "equivalencias",
    "can_read": false,
    "can_write": false
  }
},
{
  "model": "usuarios.groupmenupermission",
  "pk": 22,
  "fields": {
    "group": [
      "tablero"
    ],
    "menu_key": "configuracion",
    "can_read": false,
    "can_write": false
  }
},
{
  "model": "usuarios.groupmenupermission",
  "pk": 23,
  "fields": {
    "group": [
      "tablero"
    ],
    "menu_key": "configuracion.usuarios",
    "can_read": false,
    "can_write": false
  }
},
{
  "model": "usuarios.groupmenupermission",
  "pk": 24,
  "fields": {
    "group": [
      "tablero"
    ],
    "menu_key": "configuracion.dominios",
    "can_read": false,
    "can_write": false
  }
},
{
  "model": "usuarios.groupmenupermission",
  "pk": 25,
  "fields": {
    "group": [
      "tablero"
    ],
    "menu_key": "configuracion.roles",
    "can_read": false,
    "can_write": false
  }
},
{
  "model": "usuarios.groupmenupermission",
  "pk": 26,
  "fields": {
    "group": [
      "tablero"
    ],
    "menu_key": "configuracion.tipos-materia",
    "can_read": false,
    "can_write": false
  }
},
{
  "model": "usuarios.profile",
  "pk": 1,
  "fields": {
    "user": [
      "test"
    ],
    "foto": "",
    "approval_status": "approved",
    "approved_at": null,
    "rejected_at": null,
    "zoom_level": 90.0
  }
},
{
  "model": "usuarios.profile",
  "pk": 2,
  "fields": {
    "user": [
      "victor.costa"
    ],
    "foto": "",
    "approval_status": "approved",
    "approved_at": "2026-06-22T16:29:31.625Z",
    "rejected_at": null,
    "zoom_level": 90.0
  }
},
{
  "model": "equivalencias.equivalencia",
  "pk": 1,
  "fields": {
    "plan_destino": 1,
    "tipo": "total",
    "resolucion": "RES. 30/2026-D",
    "porcentaje": null,
    "observaciones": "",
    "activa": true,
    "materias_origen": [
      6
    ],
    "materias_destino": [
      15
    ]
  }
},
{
  "model": "equivalencias.equivalencia",
  "pk": 2,
  "fields": {
    "plan_destino": 1,
    "tipo": "total",
    "resolucion": "Res. 30/2026-D",
    "porcentaje": null,
    "observaciones": "",
    "activa": true,
    "materias_origen": [
      3,
      8
    ],
    "materias_destino": [
      14
    ]
  }
}
]
